自然风光类,夜景类,服饰类,饮食类,住宿类,交通类,建筑类,人文风俗类,景区消费类,摄影类,景区管理与服务类
白天,晚上,衣服,吃,住,观光车,观景台,表演,门票,拍照,排队
景色,夜景,服饰,酸汤鱼,民宿,交通,寨子,苗家,商业,打卡,服务
依山,夜晚,服装,酒,酒店,停车场,吊脚楼,长桌宴,价格,旅拍,导游
梯田,万家灯火,银饰,小吃,住宿,大巴,村寨,少数民族,免费,写真,接驳
自然,灯光,苗服,味道,客栈,摆渡,风雨桥,风情,商业街,出片,管理
生态,傍晚,穿着,美食,房间,坐车,古镇,歌舞,酒吧,拍摄,工作人员
高山流水,夜色,民族服饰,吃饭,行李,步行,建筑,热情,演出,照片,设施
美景,灯火,民族服装,烧烤,行李箱,自驾,博物馆,姑娘,店铺,摄影师,卫生
原生态,灯火辉煌,,猪肉,入住,开车,古城,拦门酒,消费,化妆,
下雨,灯火阑珊,,米酒,,停车,房屋,当地人,买票,打卡,
空气,灯火通明,,饭店,,电瓶车,广场,居民,商铺,,
白水河,璀璨,,小吃街,,山路,古寨,民族特色,收费,,
丽江,,,糍粑,,直通车,古街,淳朴,物价,,
环山,,,牛肉,,乘坐,,风土人情,活动,,
田园风光,,,品尝,,打车,,民俗,孩子,,
河边,,,腊肉,,乘车,,敬酒,小店,,
风光,,,豆腐,,巴士,,民风,商店,,
稻田,,,餐饮,,换乘,,人文,性价比,,
层峦叠嶂,,,鱼,,公交车,,阿妹,店家,,
瀑布,,,餐馆,,,,芦笙,商家,,
依山傍水,,,食物,,,,村民,,,
,,,,,,,民族风情,,,
,,,,,,,手工,,,
,,,,,,,舞蹈,,,
,,,,,,,习俗,,,
,,,,,,,特产,,,
,,,,,,,古朴,,,
